FirstName,Gender
Adriana,Female
Afonso,Male
Alexandre,Male
Alessandra,Female
Ana,Female
Anderson,Male
Antonio,Male
Beatriz,Female
Bernardo,Male
Bruna,Female
Bruno,Male
Camila,Female
Carlos,Male
Carla,Female
Cecília,Female
Celso,Male
Cláudia,Female
Cláudio,Male
Daniela,Female
Daniel,Male
Débora,Female
Diogo,Male
Eduardo,Male
Eliana,Female
Elis,Female
Elisa,Female
Enzo,Male
Estela,Female
Fabiana,Female
Fábio,Male
Felipe,Male
Fernanda,Female
Fernando,Male
Gabriela,Female
Gabriel,Male
Guilherme,Male
Gustavo,Male
Heitor,Male
Helena,Female
Henrique,Male
Hugo,Male
Inês,Female
Isabel,Female
Isabela,Female
João,Male
José,Male
Júlia,Female
Juliano,Male
Juliana,Female
Leonardo,Male
Letícia,Female
Lucas,Male
Luana,Female
Luciana,Female
Luciano,Male
Luís,Male
Manuela,Female
Marcelo,Male
Marcos,Male
Maria,Female
Mariana,Female
Mateus,Male
Matheus,Male
Maurício,Male
Mauro,Male
Miguel,Male
Mônica,Female
Nadia,Female
Nicolas,Male
Olívia,Female
Otávio,Male
Patrícia,Female
Paulo,Male
Pedro,Male
Rafael,Male
Rafaela,Female
Raquel,Female
Renan,Male
Renata,Female
Ricardo,Male
Rodrigo,Male
Rogério,Male
Sandra,Female
Sara,Female
Silvia,Female
Simone,Female
Sophia,Female
Stefano,Male
Sérgio,Male
Tânia,Female
Thiago,Male
Tomás,Male
Valéria,Female
Vanessa,Female
Vera,Female
Vicente,Male
Vinícius,Male
Vítor,Male
Vitória,Female
Yara,Female
Yasmin,Female
