EmployeeCode,FirstName,LastName
JAP1080-19M,Carl,Rodriguez
AUS1241-21M,Anne,Wright
AUS1297-21M,Patrick,Rivera
GER1332-21W,Ruby,Walker
GER1202-10M,Teresita,Guillen
ARG1028-20M,Earl,Morgan
CAN1344-19W,Joella,Causey
JAP1248-24W,Gregg,Kelly
ARG1279-10W,William,Reed
ENG1198-23W,Julia,Johnson
AUS1435-21M,Tonya,Ruiz
ARG1094-14M,Wayne,Howard
USA1218-17M,Samuel,Goodman
CAN1537-22W,Sean,Morgan
USA1363-11W,Julie,Johnson
MEX1233-24M,Samuel,Perry
ENG1086-22M,Jarrod,Beckett
CAN1051-14W,Lillian,Nelson
ARG1072-11W,Delfina,Brandon
ENG1113-11W,Shaun,Jacobs
MEX1460-26W,Theresa,Barnes
ENG1020-25W,Stephen,Powell
AUS1175-11W,Queenie,Thibodeau
AUS1553-19W,Juan,King
AUS1011-16M,Laureen,Varney
ENG1316-11M,Anthony,Griffin
ARG1357-18W,Olga,Rowe
GER1091-24M,Alyce,Rafferty
JAP1178-21M,Janella,Lacey
ARG1224-22M,Lyndsay,Landry
CAN1120-20M,Elvina,Dickens
ENG1189-21W,Lois,Flores
MEX1546-22M,Gonzalo,Rigby
ARG1441-12W,John,Parker
USA1295-23W,Olive,Romero
ARG1228-22M,Emmitt,Valles
GER1005-22M,Vernia,Mccrary
AUS1550-17W,Michelle,Campbell
ENG1266-22W,Demarcus,Mcgregor
ENG1551-18M,Jeremy,Rogers
ENG1249-23W,Michelle,Peters
MEX1314-14W,Dian,Winchester
JAP1520-10W,Steven,Russell
ENG1146-20M,Hank,Thorpe
AUS1526-21M,Lori,Ward
CAN1176-18M,Lori,Price
JAP1236-12M,Norma,Steele
CAN1329-24M,Jaye,Wick
USA1427-25M,Terry,Coleman
JAP1421-23M,Kathleen,Garcia
ENG1208-12M,Raul,Brewer
JAP1075-18M,Peter,Thompson
USA1564-21W,Theo,Vo
CAN1102-20W,Luanne,Farr
ARG1275-13M,Larry,Ward
ARG1118-16M,Linda,Peterson
GER1372-20M,Titus,Maclean
MEX1498-17M,Norman,Henderson
USA1535-15M,Elmira,Sommers
CAN1290-12W,Kelly,Mitchell
USA1315-23M,Minnie,Snyder
AUS1566-14W,Selina,Varela
ENG1380-20W,Lelia,Wentz
AUS1037-13M,Jaunita,Laird
GER1522-12M,Leona,Thompson
GER1284-12W,Regina,Hodges
AUS1503-10W,Clarence,Collins
AUS1489-22M,Marie,Barnes
USA1181-22M,Jennifer,Cox
CAN1585-17M,Virginia,Brooks
CAN1416-19W,Cecile,Veal
USA1431-18M,Harry,Clark
USA1568-19W,Rebecca,Gomez
GER1472-24W,Delilah,Eason
ARG1003-11W,Victor,Smith
JAP1420-13M,Marjory,Lovelace
AUS1505-15M,Matthew,Brown
JAP1024-10W,Audrey,Briggs
AUS1138-26W,Collin,Haskins
AUS1556-16W,Columbus,Fuqua
CAN1153-20M,Faye,Turner
ARG1506-26M,Tina,Carlson
JAP1200-17M,Laura,Edwards
GER1422-14W,Rolf,Schrader
GER1388-20W,Tiara,Pridgen
CAN1190-10W,Ed,Pena
MEX1267-17W,Ellan,Braswell
GER1587-21M,Garfield,Bigelow
USA1549-12M,Horace,Robertson
ARG1131-14W,Shawn,Allen
AUS1340-11W,Beaulah,Willard
GER1561-19M,Jose,Baker
MEX1523-20W,Elizabeth,Parker
CAN1042-10M,Carolyn,Anderson
AUS1383-26M,Edna,Harvey
ARG1165-19W,Jeanmarie,Haywood
JAP1370-15M,Maribeth,Kiser
JAP1092-19M,Elza,Devito
ENG1059-24M,Jarvis,Lund
JAP1078-23W,Debra,Butler
MEX1479-15M,Janell,Orozco
ARG1453-18W,Salvador,Copeland
MEX1111-15M,Dave,Sherman
JAP1438-25W,Philip,Bryant
USA1301-15M,Geraldine,Kelly
USA1583-12W,Madelaine,Moriarty
JAP1277-18W,Andrea,Murphy
AUS1263-26M,Sonny,Ragland
CAN1345-12M,Susan,Long
JAP1110-15M,Keneth,Roper
CAN1212-19M,Ronald,Carter
CAN1377-11W,Eric,Cooper
AUS1493-24W,Alethia,Law
JAP1041-16M,Adrian,Hughes
MEX1300-14M,Leo,Barber
CAN1197-10M,Janet,Jones
CAN1486-17W,Julie,Bennett
USA1449-15W,Lyle,Cummings
USA1510-14W,William,Gonzalez
ARG1186-19M,Harry,Sanchez
ARG1439-22M,Kathy,Green
USA1194-11W,Alayna,Wahl
CAN1305-17M,Henry,Davis
CAN1169-24W,Shelley,Price
USA1205-17M,Rose,Walker
GER1424-16M,Amy,Wood
USA1407-20W,Drew,Schofield
CAN1323-24W,Armando,Ballard
CAN1183-18W,Brain,Beckham
CAN1145-19M,Margaret,Bell
CAN1158-16M,Loretta,Daniels
CAN1499-23W,Frank,Gray
ARG1174-10M,Maryann,Reed
USA1044-14M,Jan,Henry
CAN1209-10W,Sharon,Richardson
AUS1125-14W,Rafael,Simon
JAP1166-11W,Joe,Ramirez
CAN1573-17M,Cornelius,Francis
ENG1318-12W,Crissy,Horn
MEX1159-23M,Dawna,Beals
JAP1096-19W,Wilma,Richardson
AUS1348-19W,Judy,Norris
JAP1282-13M,Joyce,White
AUS1396-23M,Carla,Patrick
AUS1008-12M,Karl,Fleming
MEX1586-12W,Brandon,Evans
USA1302-12W,Dianne,Salazar
JAP1058-24M,Gaynell,Mckeown
GER1475-14W,Cameron,Mccoy
GER1468-10M,Darrin,Cox
MEX1056-15W,Juliann,Simonson
ENG1415-14M,Douglas,Flores
AUS1050-14M,Margot,Olmstead
USA1337-12W,Allyson,Marlowe
GER1467-21M,Maria,Cook
USA1542-26M,Betty,Gonzales
USA1358-21W,Johanna,Peterson
USA1246-22W,Michelle,Clark
USA1270-11W,Albert,Hampton
ARG1156-10W,Cheryl,Kelly
GER1470-20M,Scott,Robinson
USA1140-26W,Emanuel,Craig
MEX1576-18M,Kathleen,Moss
ENG1426-21M,Laverne,Salazar
ARG1066-13M,Margaret,Doyle
ENG1521-24W,Rea,Irby
GER1215-17W,Shirley,Torres
USA1077-26M,Buster,Shively
ARG1264-15W,Deirdre,Lentz
CAN1089-19M,Lisha,Nunn
ENG1062-12M,Terica,Mayo
ARG1516-23M,Tynisha,Mckee
JAP1104-13W,Phil,Guerrero
USA1285-12M,Randy,Hall
ARG1142-18M,Lorenzo,Fowler
AUS1223-24W,Rachel,Reed
CAN1252-24W,Moises,Mcbee
GER1170-11M,Matthew,Hill
MEX1192-12M,Van,Mcguire
GER1533-16M,Tina,Howard
MEX1353-12M,Jane,Phillips
MEX1574-17M,Norma,Watson
ARG1492-20W,Judith,White
USA1495-12M,Aaron,Gray
JAP1022-18W,Rudy,Alvarez
CAN1534-23W,Sharonda,Farley
USA1306-10W,Maisha,Calvin
GER1368-24M,Bonnie,Abbott
GER1029-13M,Miranda,Young
ENG1385-22M,Thomas,Edwards
AUS1216-18W,Lee,Wright
ARG1219-11W,Lee,Wolfe
USA1539-16W,Dianna,Cox
GER1151-17M,Edna,Green
GER1269-18W,Frederick,Morton
USA1373-22M,Cynthia,Cole
MEX1473-20M,Lorena,Williams
GER1304-24M,Percy,Young
CAN1296-17M,Patricia,Perez
JAP1518-26W,Elizabeth,Neal
ARG1496-15M,Stuart,Lane
USA1185-23W,Adam,Vasquez
JAP1458-12W,Alisa,Corbett
ARG1082-13M,Enriqueta,Lopes
GER1374-12M,Kirk,Reese
MEX1463-16M,Jose,Green
AUS1214-20M,Rex,Howard
CAN1038-20M,Ronald,Cox
AUS1434-23W,Johnny,Simmons
GER1291-15W,Alessandra,Vogt
ENG1343-16W,Steven,Foster
GER1469-22W,Stephaine,Pacheco
USA1048-18M,Lory,Herrmann
CAN1393-19M,Simonne,Kemp
ARG1217-18W,Mui,Mcewen
GER1014-12W,Bobby,Stephens
GER1053-25W,Madalene,Moreland
ENG1461-23W,Heidi,Collins
GER1342-10W,Inez,Mcbride
GER1258-11W,Ed,Rowe
GER1597-22M,Yvonne,Nelson
CAN1074-22W,Billy,Lee
USA1559-20W,Jeffrey,Griffin
CAN1127-20M,Cora,Fletcher
ARG1359-26W,Sharon,Parker
USA1009-20M,Wanda,Wood
JAP1152-23W,Chantell,Forrest
USA1312-14M,Lavada,Satterfield
GER1057-24M,Christeen,Hardwick
CAN1413-10M,Dorla,Dupuis
MEX1459-17M,Lisabeth,Everett
JAP1336-22M,Patience,Lindsay
JAP1064-19M,Jennette,Mcnamara
JAP1511-24M,Tanya,Cummings
USA1001-10W,Alan,Patterson
JAP1417-25M,Venessa,Bean
USA1478-14M,Jessie,Spencer
MEX1321-15M,Sung,Pippin
ENG1567-24M,Scott,Phillips
AUS1319-15W,Charles,Perry
MEX1002-14W,Waldo,Dempsey
GER1328-25W,William,Wong
USA1596-12M,George,Hughes
USA1229-21M,Martin,Sanders
MEX1095-15M,Vincent,Harris
USA1335-22M,Tawnya,Goodrich
MEX1508-12M,Marcella,West
ENG1134-24W,Brian,Cooper
AUS1201-14W,Allen,Hicks
USA1356-24M,Antonetta,Gilchrist
AUS1167-16W,Luciana,Andrus
CAN1085-21W,Eula,Jensen
GER1019-24W,Svetlana,Manuel
ARG1299-19M,Domenic,Wayne
AUS1387-13M,Teresa,Harris
GER1471-21M,Jon,Rodriguez
AUS1477-24M,Derick,Laird
AUS1351-18W,Ashley,Alexander
ENG1563-11M,Janise,Denning
AUS1528-21M,Larry,Richardson
GER1519-10W,Joanne,Stevens
USA1543-20W,Deandre,Conaway
USA1247-19W,Angela,Perez
ENG1401-26M,Latina,Hyman
JAP1007-18M,Venus,Ripley
JAP1083-21M,Katrina,Douglas
AUS1450-13M,Carmine,Toler
ARG1398-18M,Lindsy,Haskins
ENG1515-22W,Ruby,Perez
MEX1213-10M,Carolyn,Sanchez
ENG1207-21M,Maxima,Oneil
MEX1480-11M,Jimmy,Collins
USA1141-26M,Tina,Washington
MEX1364-22M,Paula,Delgado
JAP1250-20W,Elizabeth,Morris
ARG1010-13M,Warren,Briggs
USA1115-24M,Virgil,Shinn
JAP1015-22M,Winifred,Cross
GER1333-21W,Zelma,Humes
ENG1429-16M,Terrence,Wong
ARG1195-18W,Chanda,Nickel
ENG1287-18W,Amelia,Santos
GER1154-14W,Trinidad,Egan
USA1409-10M,Essie,Lawrence
USA1397-23W,Ryan,Clark
MEX1437-13M,Genaro,Sales
JAP1045-24M,Lori,Thornton
AUS1172-23W,Ezekiel,Banda
GER1245-10W,Luis,Wood
ENG1260-15W,Albert,Miller
USA1143-26M,Maxine,Hamilton
ENG1541-22M,Candace,Weaver
ENG1013-14W,Debra,Patterson
ARG1405-12M,Dominque,Packer
ENG1395-14W,Alice,Mitchell
AUS1579-26M,Erma,Porter
ARG1355-14M,Martha,Rivera
AUS1592-17M,Agnes,Cooper
MEX1366-23M,Margie,Robbins
ARG1268-23M,Mazie,Whittle
MEX1365-14M,Chris,Mathis
ARG1112-15W,Modesto,Centeno
ARG1043-21W,Hye,Fenton
GER1425-17W,Kaci,Naquin
MEX1446-11M,Howard,Coleman
ENG1027-21M,Kimberly,Anderson
MEX1283-26M,Karla,Cunningham
ARG1088-14M,Bessie,Mccormick
JAP1545-19M,Nancy,Henderson
JAP1326-16W,Judy,Carter
AUS1047-19W,Nikole,Mancini
USA1376-13W,Keith,Martin
AUS1119-18M,Joshua,Bailey
USA1412-17M,Wen,Huynh
JAP1327-15M,Leonora,Florence
ARG1509-25W,Adaline,Cochrane
USA1452-10M,Tami,Cobb
MEX1547-10M,Etsuko,Battles
USA1179-20W,Sheri,Clayton
CAN1012-20M,Mimi,Tidwell
USA1171-10M,Larita,Messina
USA1081-14M,Trula,Back
GER1560-25M,Dominique,Beaty
USA1025-20M,George,Martinez
ARG1265-15M,Louis,Reed
CAN1004-22M,Len,Otto
ENG1240-13W,Brandy,Buchanan
ARG1126-11W,Clinton,Edwards
ENG1552-26W,Shirley,Robinson
USA1244-25M,Carman,Baylor
GER1034-16M,Eunice,Mcdonald
GER1040-12W,Gretchen,Hale
JAP1046-25M,Catherine,Stewart
GER1548-23M,Hazel,Walsh
CAN1454-13M,Bruce,Torres
MEX1128-14M,Laticia,Sands
JAP1507-14W,Evelyn,Martin
CAN1309-26W,Andrea,Scott
CAN1595-26W,Regan,Key
USA1320-23W,Diane,Allen
JAP1235-23M,Cindi,Mcclanahan
ENG1476-25W,Keeley,Correia
ARG1362-24W,Andrew,Bennett
ARG1399-15M,Wynona,Neville
AUS1162-23M,Mark,Long
GER1578-18M,Anthony,Nelson
JAP1148-11M,Lynn,Brady
JAP1163-26W,Kristi,Wilkerson
AUS1400-12W,Jean,Williams
JAP1160-11M,Kimberly,Hernandez
MEX1161-20M,Geneva,Ryan
ENG1033-13M,Caroyln,Kerr
GER1206-11M,Lizabeth,Perron
MEX1065-13M,Wayne,Bryant
USA1339-19M,Sarah,Hill
MEX1016-22M,Donnie,Martinez
AUS1451-10M,Randall,Osborne
CAN1392-13W,Ilda,Mcadams
ARG1349-23M,Katherine,Lee
ENG1006-17W,Yvette,Walsh
ENG1097-18W,Heather,Young
ENG1204-22M,Christine,Bishop
AUS1182-21W,Jeanette,Knight
ENG1408-24W,Fred,Henderson
JAP1026-26M,Garrett,Bishop
CAN1232-18M,Henry,Miller
ENG1584-20W,Orlando,Montgomery
ARG1271-24M,Marylin,Burch
JAP1462-24W,Bradford,Jackson
GER1063-16W,Waldo,Hoyle
ARG1502-25W,Spencer,Lucas
AUS1384-10M,Herlinda,Millard
MEX1310-15W,Lucilla,Dickens
JAP1367-10M,Marilyn,Horton
ARG1123-17W,Adelia,Bachman
CAN1061-25M,Joseph,Peterson
ARG1067-12W,Alexis,Hayes
ENG1293-17W,Evelyn,Bass
GER1184-10M,Janice,Garcia
ARG1222-15W,Cheryl,Davis
ARG1455-17W,Ryan,Butler
ARG1276-23M,Chris,Smith
AUS1589-25M,Ruth,Morris
MEX1060-26M,Kirk,Waters
JAP1428-21W,Tiera,Jolley
USA1448-15M,Marilynn,Pyle
ENG1108-15M,Elvira,Reynolds
USA1457-20M,Lizeth,Adame
AUS1483-25W,Joe,Russell
ENG1443-26W,Ashley,Russell
JAP1554-19M,Azzie,Boston
ENG1430-21W,Frederica,House
USA1544-21W,Nicole,Diaz
AUS1286-11M,Edmundo,Beckham
ARG1317-16M,Gena,Barajas
MEX1116-17W,Alma,Stephens
MEX1436-25M,Sarah,Powell
ENG1581-21W,Rebecca,Turner
ENG1406-23M,Meredith,Estrada
CAN1254-26M,Kurtis,Farris
ARG1281-10W,Todd,Campbell
CAN1488-18M,Jonathon,Dunn
USA1308-16W,Shery,Ludwig
JAP1572-24M,Scotty,Lerma
ARG1150-11M,Isreal,Childress
CAN1570-14W,Alethea,Humphreys
CAN1130-24W,Caleb,Mendez
USA1099-12M,Kevin,Jenkins
ARG1017-15W,Noel,Caldwell
AUS1261-17M,Jermaine,Rodriquez
JAP1124-18W,Tabitha,Sullivan
AUS1389-21M,Tamara,Sims
CAN1532-14M,Chrissy,Hadden
JAP1132-22M,Joseph,Wilson
JAP1129-21W,Brianna,Seitz
JAP1594-16M,Kenia,Craft
ARG1394-25M,Teresita,Schafer
JAP1242-15W,Irene,Price
MEX1517-13W,Albert,Martinez
AUS1101-17M,Lana,Hill
AUS1196-10W,Nieves,Dew
ENG1032-24W,Stacey,Alexander
AUS1590-16M,Kenneth,Taylor
MEX1203-21W,Diana,Davis
MEX1354-12W,Shirl,Whitt
GER1591-10M,Catherine,Roberts
USA1227-12M,Kevin,Cobb
USA1071-19M,Remona,Jarrett
MEX1500-11W,Dede,Potts
GER1147-20W,Shelia,Owens
USA1379-18W,Jean,Gonzalez
CAN1087-12M,Martin,Carpenter
MEX1487-20M,Roy,Jones
MEX1580-19W,Amanda,Wilson
AUS1030-24W,Andrew,Allison
CAN1524-13W,Sabrina,Rodriguez
JAP1504-16M,Laurie,Bowman
ARG1122-16M,Nettie,George
ARG1288-21M,Leroy,Mclaughlin
ARG1036-15M,Gloria,Roberts
JAP1466-15M,Kayla,Ingram
GER1369-12W,Kelvin,Jordan
ARG1289-22M,Jeremy,Ramirez
ENG1330-14M,Douglas,Lopez
ENG1177-24M,Myra,Bryant
MEX1418-23M,Kari,Nichols
AUS1307-14W,Eric,Lewis
MEX1577-11W,Glenda,Thomas
MEX1423-15W,Opal,Malone
JAP1465-26W,Lillie,May
CAN1433-18W,Johnny,Young
CAN1562-12M,Jason,Pearson
AUS1273-26M,Toni,Quinn
GER1098-11W,Brian,Ross
MEX1485-10M,Byron,Watson
CAN1501-14W,Shawn,Vargas
JAP1180-26M,Denise,Hughes
USA1211-12M,Jamie,Welch
CAN1536-24M,Arthur,Harris
ARG1164-15W,Bobby,James
AUS1531-23M,Donald,Thompson
JAP1474-21W,Beatrice,Alvarado
ARG1324-10W,Emily,Nash
GER1292-24W,Joline,Chin
MEX1484-21W,Cleora,Concepcion
AUS1157-14M,Donetta,Walls
USA1298-21W,Brady,Trent
USA1582-13W,Nicholas,Washington
ENG1259-18M,Boyce,Carlisle
GER1109-19W,Jody,Barnes
MEX1231-14M,Lynne,Flores
JAP1540-16M,Phyllis,Thomas
ARG1404-15W,Clarence,Turner
USA1234-20M,Caroline,Sharp
CAN1352-26W,Tijuana,Leblanc
ARG1514-20W,Jeanna,Sawyers
ARG1256-16W,Chauncey,Bottoms
MEX1341-25W,Kelley,Palmer
GER1338-24M,Janice,Moore
AUS1444-19W,Bradford,Potter
USA1226-14M,Kathryn,Bailey
ENG1565-21M,Lori,Robinson
ENG1251-12W,Melissa,Stewart
USA1084-10M,Genevive,Mejia
ENG1243-26W,Irene,Lopez
ARG1464-22M,Patty,Jimenez
USA1311-13M,Lindsey,Warren
MEX1069-12M,Randy,Baker
USA1225-16M,Kayleigh,Goss
JAP1378-13W,Priscilla,Chavez
ARG1049-11W,Mabel,Schwartz
ENG1039-22M,Zona,Sykes
ENG1527-14W,Angelena,Loftis
JAP1210-19W,Michael,Cook
MEX1149-25M,Kurt,Dennis
CAN1188-20M,Mercedes,Herrera
JAP1360-24W,Adella,Hargis
CAN1588-16W,Valeri,Kimball
AUS1529-19M,Israel,Lewis
CAN1571-23M,Ruth,Brown
JAP1114-26M,Maryanna,Schroeder
GER1313-22W,Elbert,Paul
ARG1221-21M,Issac,Nagy
AUS1557-22M,Trudie,Waite
JAP1199-13M,Jerrod,Easter
ARG1402-16W,Kelly,Jackson
ARG1494-17M,Martin,Wright
AUS1187-11M,Gerald,Taylor
CAN1018-26M,Terri,Higgins
JAP1238-11M,Mercy,Solano
JAP1414-22M,Devora,Braxton
CAN1386-16W,Lakiesha,Lange
MEX1419-16M,Kasandra,Strange
ARG1331-25W,Caitlin,Utley
ARG1100-10M,Jennifer,Thomas
ENG1294-23W,Joline,Catalano
JAP1445-16M,Anna,Evans
ARG1442-15M,Kamala,Hallman
USA1173-19M,Janett,Watt
MEX1106-23W,Abel,Erickson
AUS1371-21W,Augusta,Hiatt
ARG1512-26M,Jamie,Barker
AUS1347-10W,Stella,Elliott
ENG1482-22W,Keila,Seifert
GER1280-26M,Danita,Jude
AUS1410-18M,Krystyna,Ferry
MEX1361-17W,Arletha,Smothers
GER1575-20M,Harry,Gray
CAN1105-20M,Bruce,Alexander
ARG1490-12M,Annett,Braun
USA1155-24W,Alma,Leonard
MEX1382-24W,Angela,Rodriguez
AUS1193-11W,Rafael,Bryan
USA1103-25W,Ricky,Cohen
AUS1262-21W,Johnna,Silver
ARG1220-19W,Jo,Elliott
AUS1135-23M,Donald,Sherman
USA1411-13M,Tyree,Dubose
ENG1052-20M,Cythia,Michael
MEX1303-19M,Earl,Diaz
ARG1513-13M,Dominick,Holloway
AUS1073-19W,Jack,Lewis
USA1133-25W,Yuette,Reddick
MEX1055-26M,Benny,Marsh
USA1390-21W,Amanda,Williams
CAN1403-22M,Lawrence,James
CAN1391-21M,Anne,Rice
GER1139-24M,Liza,Benefield
ARG1346-13W,Jeannie,Dunn
ARG1237-11W,Eugene,Jenkins
JAP1079-17M,Shona,Tillery
ENG1278-18M,Doyle,Baldwin
CAN1381-20M,Jesse,Foster
ARG1497-17M,Meredith,Burke
ENG1555-13M,Tameika,Nance
CAN1525-22M,Donette,Mccarty
JAP1070-17M,Porsche,Greiner
ARG1272-17M,Carol,Hernandez
GER1253-10M,Ann,Moore
JAP1031-11M,Janet,Ortiz
ARG1481-23M,James,Watson
ENG1375-18M,Misti,Humphrey
ARG1076-10M,Gary,Bell
AUS1350-14M,Timothy,Bolt
GER1239-24M,Mitsue,Klinger
USA1035-20W,Olimpia,Rapp
AUS1136-22W,Isaias,Lehman
ENG1440-14M,Cornelius,Pittman
JAP1530-13M,Terence,Herrera
JAP1068-23M,Cynthia,King
CAN1432-16M,Tammy,Simmons
AUS1491-13M,Susan,Kelly
JAP1558-25W,Gregory,Sanders
USA1117-26M,Marilyn,Rogers
USA1230-13M,Paul,Boone
ARG1538-23M,Kathe,Meier
GER1144-26M,Pasquale,Dortch
GER1023-14M,Raymond,Ross
CAN1107-25W,Elizabeth,Murphy
MEX1093-11W,Diana,Hall
ENG1090-12M,Darrell,Obrien
MEX1168-24M,Beverly,Adams
JAP1255-20M,Peter,Adams
MEX1191-26W,Salome,Dolan
JAP1054-25W,Nicholas,Brooks
ENG1334-12M,Vania,Nadeau
JAP1121-18M,Samantha,Phillips
MEX1137-23W,Rolando,Hanson
MEX1322-13W,Sadie,Reyes
ENG1569-15W,Tricia,Barrett
CAN1274-14W,Joan,Jackson
JAP1021-21M,Lloyd,Christensen
GER1325-11M,Carmelia,Aguilera
CAN1257-26M,Barbara,Scott
USA1447-19W,Heather,Gonzales
JAP1593-26W,Aleta,Foss
JAP1456-26M,Mary,Baker
